A0A178UD24,AT5G13420
A0A178VX82,AT2G36580
A0A178WJZ2,AT1G30820
A0A1P8ANY1,AT1G14810
A0A1P8AW36,AT1G51720
A0A1P8B6F9,AT4G02120
A0A384K8P2,AT3G12670
A0A384KII3,AT5G63680
A0A384KLZ3,AT3G55410
A0A384L5D5,AT5G08570
A0A5S9YI34,AT5G65750
A0A654EZT9,AT2G37690
A0A654FAY0,AT3G25960
A0A654FQL5,AT4G18440
A1A6H3,AT1G17160
A8MR07,AT3G52990
B5X574,AT5G65690
B9DGD6,AT5G36880
B9DHD3,AT1G71920
F4HUC4,AT1G08065
F4I1A6,AT1G22210
F4I1L9,AT1G36280
F4I6G9,AT1G30820
F4I7I0,AT1G17290
F4I8M8,AT1G78050
F4I8U2,AT1G05610
F4IAG2,AT1G11720
F4IC59,AT1G12230
F4IHR4,unknown_1
F4IW47,AT2G45290
F4IWV2,AT3G55410
F4JGR5,AT4G04040
F4JIK2,AT4G20990
F4JJJ3,AT4G21490
F4JWS8,AT5G25450
F4KGQ0,AT5G03690
O03042,ArthCp030
O04130,AT1G17745
O04308,AT3G16480
O04499,AT1G09780
O04846,AT3G52720
O04904,AT4G22930
O04905,AT5G26667
O04983,AT5G35360
O22048,AT3G27620
O22049,AT5G64210
O22229,AT2G41680
O22241,AT3G44720
O22682,AT3G03630
O22718,AT1G60810
O22765,AT4G02610
O22769,AT4G02580
O22912,AT2G47380
O23254,AT4G13930
O23255,AT4G13940
O23324,AT4G14680
O23346,AT4G14910
O23404,AT4G15530
O23553,AT4G17090
O23653,AT5G14060
O23913,AT3G22360
O48946,AT4G32410
O48947,AT4G39350
O49299,AT1G23190
O49347,AT1G67740
O49485,AT4G34200
O49506,AT4G18360
O50008,AT5G17920
O50039,AT1G75330
O64753,AT2G34890
O64767,AT2G35040
O64888,AT2G44530
O64903,AT5G63310
O65258,AT4G00490
O65396,AT1G11860
O65581,AT4G26530
O80452,AT2G38280
O80526,AT1G09430
O80574,AT2G44040
O80585,AT2G44160
O80634,AT2G39470
O80738,AT1G60140
O80874,AT2G29990
O80988,AT2G26080
O81796,AT4G35650
O81852,AT4G19710
O82191,AT2G19900
O82399,AT2G22780
O82514,AT5G63400
O82662,AT2G20420
O82663,AT5G66760
O82768,AT1G31860
O82782,AT2G36230
O82793,AT2G46860
O82796,AT1G18640
P05466,AT2G45300
P09468,ArthCp028
P0CC32,ArthCp068
P0CC33,ArthCp086
P0DI07,AT1G71920
P0DKC3,AT5G36700
P0DKC4,AT5G36700
P0DKI0,AT4G32210
P0DKI1,AT4G32210
P10795,AT1G67090
P10796,AT5G38430
P10797,AT5G38420
P10798,AT5G38410
P11035,AT1G37130
P11832,AT1G77760
P14671,AT5G54810
P17562,AT4G01850
P17597,AT3G48560
P19366,ArthCp029
P20115,AT2G44350
P21216,AT2G18230
P22197,AT4G26520
P23321,AT5G66570
P23686,AT1G02500
P25269,AT4G27070
P25696,AT2G36530
P25697,AT1G32060
P25819,AT4G35090
P25851,AT3G54050
P25853,AT4G15210
P25856,AT3G26650
P25857,AT1G42970
P25858,AT3G04120
P26288,ArthCp074
P26289,ArthCp076
P27140,AT3G01500
P27202,AT1G79040
P28297,AT3G21720
P29976,AT4G39980
P31166,AT1G27450
P32068,AT5G05730
P32069,AT2G29690
P32746,AT5G23300
P34047,AT3G22425
P34795,AT5G42740
P38025,AT3G21110
P39207,AT4G09320
P42737,AT5G14740
P42738,AT3G29200
P42770,AT3G54660
P42792,AT2G07727
P46248,AT4G31990
P46283,AT3G55800
P46637,AT4G08900
P46643,AT2G30970
P46644,AT5G11520
P46645,AT5G19550
P46646,AT1G62800
P47996,AT1G79470
P47998,AT4G14880
P47999,AT2G43750
P48491,AT3G55440
P49040,AT5G20830
P49077,AT3G20330
P49078,AT3G47340
P49107,AT5G64040
P49572,AT2G04400
P50287,AT5G08100
P50318,AT1G56190
P50651,AT3G23580
P52420,AT1G09830
P52422,AT1G31220
P52901,AT1G59900
P53780,AT3G57050
P54887,AT2G39800
P54888,AT3G55610
P54904,AT5G14800
P55217,AT3G01120
P55228,AT5G48300
P55229,AT5G19220
P55230,AT1G27680
P55231,AT4G39210
P56751,ArthCp027
P56752,ArthCp071
P56753,ArthCp080
P56754,ArthCp025
P56755,ArthCp078
P56756,ArthCp026
P56757,ArthCp007
P56758,ArthCp010
P56759,ArthCp008
P56760,ArthCp009
P56761,ArthCp017
P56765,ArthCp031
P56766,ArthCp022
P56767,ArthCp021
P56768,ArthCp032
P56769,ArthCp042
P56771,ArthCp035
P56773,ArthCp053
P56774,ArthCp054
P56775,ArthCp041
P56776,ArthCp040
P56777,ArthCp049
P56778,ArthCp018
P56779,ArthCp039
P56780,ArthCp052
P56781,ArthCp036
P56782,ArthCp005
P56790,ArthCp019
P57106,AT5G43330
P57720,AT1G48850
P57751,AT5G17310
P60112,AT2G07671
P60129,ArthCp037
P60497,unknown_2
P60620,unknown_3
P61039,ArthCp015
P61839,ArthCp050
P62090,ArthCp075
P62095,ArthCp038
P62100,ArthCp006
P62109,ArthCp016
P62113,ArthCp051
P68209,AT5G08300
P83483,AT5G08670
P83484,AT5G08690
P83755,ArthCp002
P92533,unknown_4
P92547,unknown_5
P92549,unknown_6
P92979,AT4G04610
P92980,AT4G21990
P92981,AT1G62180
P92983,AT3G30775
P93032,AT2G17130
P93033,AT2G47510
P93285,unknown_7
P93306,unknown_8
P93313,unknown_9
P93757,AT2G41880
P93819,AT1G04410
P93832,AT1G80560
P93834,AT2G19860
Q00218,AT4G33510
Q00917,AT5G49190
Q01908,AT4G04640
Q01909,AT1G15700
Q02166,AT5G17990
Q04613,unknown_10
Q04614,unknown_11
Q05728,AT3G55010
Q05758,AT3G58610
Q05762,AT2G16370
Q0WNZ5,AT5G20980
Q0WQF7,AT3G52200
Q0WRY1,AT4G20320
Q0WSF1,AT3G66658
Q0WVX5,AT4G18240
Q0WW55,AT5G59440
Q0WWE3,AT1G15120
Q1JPL4,AT4G28220
Q1WIQ6,AT2G24270
Q24JJ8,AT3G14150
Q2PGG3,AT4G11640
Q2V2S7,AT4G37925
Q37165,ArthCp079
Q38799,AT5G50850
Q38946,AT5G07440
Q39161,AT2G15620
Q39194,AT2G30570
Q39195,AT3G21055
Q39218,AT3G13110
Q39219,AT3G22370
Q39242,AT2G17420
Q39243,AT4G35460
Q3E870,AT5G62575
Q41932,AT4G05180
Q42029,AT1G06680
Q42290,AT3G02090
Q42440,AT1G07780
Q42472,AT1G65960
Q42521,AT5G17330
Q42527,AT5G05590
Q42529,AT3G54640
Q42533,AT5G16390
Q42538,AT5G56760
Q42547,AT1G20620
Q42560,AT4G35830
Q42563,AT1G80050
Q42577,AT5G11770
Q42581,AT2G35390
Q42583,AT1G32380
Q42586,AT3G54470
Q42588,AT1G55920
Q42599,AT1G79010
Q42601,AT1G29900
Q43127,AT5G35630
Q43314,AT5G18170
Q43727,AT5G35790
Q43870,AT1G19920
Q56WN1,AT5G37600
Q56X52,AT4G22260
Q56YA5,AT2G13360
Q56YU0,AT3G24503
Q5E924,AT1G16300
Q5GM68,AT2G42600
Q5HZ05,AT5G65140
Q5M729,AT1G54220
Q67X99,AT2G22190
Q67XC9,AT1G35910
Q67XD9,AT4G09510
Q6NKX1,AT5G38710
Q6NPM8,AT4G39120
Q70DU8,AT1G44170
Q70E96,AT4G36250
Q84JA6,AT5G44030
Q84TI2,AT2G37690
Q84VQ4,AT5G21430
Q84VW9,AT3G14940
Q84WW2,AT5G24400
Q8GSJ1,AT1G09795
Q8GVE8,AT1G68750
Q8GWA1,AT1G07180
Q8GWG2,AT4G39770
Q8GWU0,AT5G47760
Q8GXG1,AT3G16150
Q8GXR9,AT5G08740
Q8GXW5,AT1G48470
Q8GY88,AT4G39540
Q8GYY0,AT5G51690
Q8H103,AT4G24620
Q8H107,AT4G26910
Q8H1E2,AT5G58330
Q8L743,AT1G24280
Q8L762,AT2G32290
Q8L778,AT5G09870
Q8L7R2,AT2G17265
Q8L817,AT1G08080
Q8LAD0,AT5G60540
Q8LAD2,AT5G23250
Q8LAX0,AT3G22740
Q8LB01,AT3G59890
Q8LB02,AT5G40650
Q8LBZ7,AT3G27380
Q8LCA1,AT2G46820
Q8LCE1,AT1G66200
Q8LEE7,AT1G32350
Q8LEV7,AT5G24420
Q8LFC0,AT4G35260
Q8LG70,AT3G49360
Q8LG77,AT3G09810
Q8LPI9,AT1G29410
Q8LPJ5,AT5G14590
Q8LPK5,AT4G18780
Q8RU07,AT2G30200
Q8RWN9,AT3G13930
Q8RWV0,AT3G60750
Q8RXD9,AT2G40840
Q8RXS1,AT1G18730
Q8RXU4,AT1G08630
Q8RY94,AT4G18440
Q8S895,AT2G17640
Q8VYL1,AT5G35170
Q8VYN6,AT2G22480
Q8VYV7,AT5G66120
Q8VYW2,AT5G18670
Q8VZC3,AT5G62530
Q8W2B8,AT4G35640
Q8W493,AT1G20020
Q8W4M5,AT1G12000
Q93V56,AT1G01050
Q93XN8,AT3G52340
Q93Z53,AT1G32440
Q93Z66,AT1G10700
Q93Z70,AT2G19940
Q93ZN9,AT4G33680
Q93ZW0,AT1G09420
Q941A0,AT2G46505
Q941A6,AT1G08480
Q941L0,AT5G05170
Q944G9,AT4G38970
Q944I4,AT1G80380
Q945K7,AT5G03290
Q945L0,AT5G57815
Q949Q5,AT1G08380
Q949X7,AT3G14390
Q94A28,AT4G26970
Q94A41,AT1G69830
Q94A94,AT5G11880
Q94AA4,AT4G26270
Q94AR8,AT4G13430
Q94B78,AT4G33010
Q94BT0,AT5G20280
Q94BV7,AT4G05020
Q94C74,AT5G26780
Q94CE3,AT4G33580
Q94CE4,AT1G70410
Q94CE5,AT3G22200
Q94JQ6,AT5G64740
Q94JS0,AT5G13430
Q95695,ArthCp077
Q95748,unknown_12
Q96250,AT2G33040
Q96251,AT5G13450
Q96252,AT5G47030
Q96253,AT1G51650
Q96255,AT4G35630
Q96528,AT1G20630
Q96529,AT3G57610
Q9ASS6,AT5G13120
Q9C522,AT3G06650
Q9C544,AT1G69370
Q9C550,AT1G74040
Q9C5A9,AT5G08680
Q9C5E8,AT3G47833
Q9C5J7,AT5G56630
Q9C5U8,AT5G63890
Q9C6F5,AT1G58180
Q9C9C4,AT1G74030
Q9C9K3,AT1G76550
Q9C9W5,AT1G68010
Q9CA83,AT1G79750
Q9CA90,AT1G79870
Q9CAC5,AT1G70760
Q9CAD1,AT1G63660
Q9FFP6,AT5G63680
Q9FFR3,AT5G41670
Q9FG89,AT5G43750
Q9FGI6,AT5G37510
Q9FGX1,AT5G49460
Q9FI53,AT5G50950
Q9FIJ7,AT5G47840
Q9FIK0,AT5G47810
Q9FIN1,AT5G24410
Q9FJ82,AT5G52100
Q9FJP9,AT5G65165
Q9FJU0,unknown_13
Q9FK35,AT5G50370
Q9FKG3,AT5G61580
Q9FKS5,AT5G40810
Q9FKW6,AT5G66190
Q9FLB7,AT5G05370
Q9FLH2,AT5G65750
Q9FLK2,AT5G61310
Q9FLQ4,AT5G55070
Q9FLW9,AT5G52920
Q9FMD9,AT5G16570
Q9FMT1,AT5G14200
Q9FNF2,AT5G24300
Q9FNJ8,AT5G22630
Q9FNK4,AT5G46180
Q9FNN1,AT5G08570
Q9FNN5,AT5G08530
Q9FT52,AT3G52300
Q9FVC8,AT2G45440
Q9FWA3,AT3G02360
Q9FX54,AT1G13440
Q9FX83,AT1G16700
Q9FY99,AT5G13110
Q9FYA6,AT5G65780
Q9FYE3,AT5G04180
Q9FZ57,AT1G16980
Q9LD43,AT2G38040
Q9LD57,AT3G12780
Q9LDV4,AT1G72330
Q9LE33,AT1G12550
Q9LEU8,AT5G10920
Q9LF98,AT3G52930
Q9LFF9,AT3G53620
Q9LFG2,AT3G53580
Q9LFP0,AT5G11160
Q9LFU1,AT5G10240
Q9LIK0,AT3G22960
Q9LIK9,AT3G22890
Q9LIR4,AT3G23940
Q9LIR6,AT3G23920
Q9LJA0,AT3G22460
Q9LK23,AT3G27300
Q9LK29,AT3G27240
Q9LK36,AT3G23810
Q9LKA3,AT3G15020
Q9LLC1,AT5G15530
Q9LM13,AT1G22170
Q9LMI0,AT1G06410
Q9LMR3,AT1G15710
Q9LMX8,AT1G13700
Q9LPR4,AT1G18500
Q9LPW0,AT1G12900
Q9LQ10,AT1G62960
Q9LQF2,AT1G35580
Q9LQK9,AT1G32480
Q9LR30,AT1G23310
Q9LRR9,AT3G14420
Q9LRS0,AT3G14415
Q9LSD0,AT3G27060
Q9LSH2,AT3G17760
Q9LT69,AT3G19480
Q9LTW8,AT3G12670
Q9LU21,AT3G16250
Q9LU95,AT3G25960
Q9LUT2,AT3G17390
Q9LV03,AT5G53460
Q9LV77,AT5G65010
Q9LV91,AT5G64860
Q9LVI8,AT3G17820
Q9LVM2,AT5G58260
Q9LVW7,AT3G27740
Q9LW15,AT3G15640
Q9LXC9,AT5G09650
Q9LXJ2,AT3G52730
Q9LXL5,AT3G43190
Q9LXS6,AT3G58750
Q9LYG3,AT5G11670
Q9LYR2,AT5G13440
Q9LYR4,AT5G13420
Q9LYT7,AT3G58990
Q9LYU8,AT5G13280
Q9LZ66,AT5G04590
Q9LZC3,AT5G03860
Q9LZG0,AT5G03300
Q9LZQ0,AT3G62400
Q9LZX6,AT3G60880
Q9M044,AT3G55810
Q9M057,AT3G55650
Q9M076,AT4G32840
Q9M0F9,AT4G29220
Q9M1B9,AT3G59480
Q9M1D3,AT3G60100
Q9M1W4,AT3G63250
Q9M394,AT3G54090
Q9M401,AT3G49680
Q9M439,AT1G10070
Q9M5K2,AT3G17240
Q9M5K3,AT1G48030
Q9M682,AT3G57550
Q9M8D3,AT1G74260
Q9M8M7,AT1G80600
Q9M9K1,AT3G08590
Q9M9P3,AT3G03250
Q9MA79,AT1G43670
Q9MAC8,AT3G01180
Q9MAH0,AT1G53310
Q9MB58,AT1G07110
Q9S702,AT3G02020
Q9S714,AT2G20260
Q9S726,AT3G04790
Q9S757,AT3G61440
Q9S762,AT1G58080
Q9S7A0,AT3G03910
Q9S7B5,AT4G29840
Q9S7D8,AT5G43780
Q9S7E4,AT5G14780
Q9S7E9,AT1G70580
Q9S7H1,AT4G02770
Q9S7H4,AT5G10870
Q9S7L9,AT1G22450
Q9S7N7,AT1G55670
Q9S829,AT1G74880
Q9S831,AT4G28750
Q9S841,AT3G50820
Q9S9N6,AT1G15980
Q9SA14,AT1G31180
Q9SA18,AT1G31230
Q9SA34,AT1G16350
Q9SA56,AT1G03130
Q9SA96,AT1G11790
Q9SAJ4,AT1G79550
Q9SAJ6,AT1G79530
Q9SAK4,AT1G79440
Q9SAU2,AT5G61410
Q9SCL7,AT3G57560
Q9SCS3,AT3G50520
Q9SCY0,AT5G51820
Q9SCY3,AT4G39710
Q9SD76,AT3G46970
Q9SDL7,AT3G25900
Q9SE60,AT3G59970
Q9SF85,AT3G09820
Q9SG91,AT3G10860
Q9SGC1,AT1G70730
Q9SGD6,AT1G08250
Q9SGH4,AT3G01440
Q9SGY2,AT1G10670
Q9SH69,AT1G64190
Q9SHE8,AT1G31330
Q9SHG0,AT1G17000
Q9SHP0,AT2G17630
Q9SI61,AT2G16570
Q9SIB9,AT2G05710
Q9SID0,AT2G31390
Q9SIE1,AT2G22250
Q9SIK1,AT2G21590
Q9SIU0,AT2G13560
Q9SJ05,AT2G21940
Q9SJ20,AT2G21790
Q9SJ22,AT2G21770
Q9SJ66,AT2G35840
Q9SJH7,AT2G42790
Q9SJL8,AT2G36880
Q9SJM7,AT2G36310
Q9SJQ0,AT2G36580
Q9SJQ9,AT2G36460
Q9SJU4,AT2G21330
Q9SJV7,AT2G01090
Q9SKE0,AT2G46390
Q9SKJ5,unknown_14
Q9SKP6,AT2G21170
Q9SKT7,AT2G20800
Q9SLK0,AT1G54340
Q9SMS0,AT4G09350
Q9SN86,AT3G47520
Q9SPK5,AT1G50480
Q9SQG2,AT3G04080
Q9SQQ7,AT3G04050
Q9SQT8,AT3G06350
Q9SR52,AT1G67550
Q9SR86,AT3G08860
Q9SRV5,AT3G03780
Q9SRZ6,AT1G65930
Q9SSB8,AT1G80230
Q9SSE7,AT3G07630
Q9SSP5,AT1G72810
Q9SSS9,AT4G09650
Q9STG6,AT3G46940
Q9STG9,AT4G34740
Q9SU38,AT4G12440
Q9SU39,AT4G12430
Q9SUB4,AT4G21000
Q9SUD3,AT4G28060
Q9SUI4,AT4G12800
Q9SUI5,AT1G30380
Q9SUI6,AT1G52230
Q9SUI7,AT3G16140
Q9SUU5,AT4G32470
Q9SUW0,AT4G22590
Q9SUW2,AT4G22570
Q9SVM4,AT4G13890
Q9SWW6,AT5G17420
Q9SX77,AT1G47420
Q9SXS7,AT5G28020
Q9SYG7,AT1G54100
Q9SYM4,AT1G78580
Q9SYP2,AT1G20950
Q9SZ30,AT4G26900
Q9SZJ5,AT4G37930
Q9SZT8,AT4G37380
Q9SZX3,AT4G24830
Q9T074,AT4G37870
Q9T0A4,AT4G23890
Q9T0J5,AT4G38880
Q9T0P4,AT2G41220
Q9XF91,AT1G44575
Q9XFT3,AT4G21280
Q9XGZ0,AT5G25880
Q9XI73,AT1G14150
Q9ZNZ7,AT5G04140
Q9ZP05,AT5G09660
Q9ZP06,AT1G53240
Q9ZPF5,AT4G08870
Q9ZPS3,AT2G02010
Q9ZPS4,AT2G02000
Q9ZPX5,AT2G18450
Q9ZR03,AT4G03280
Q9ZSS6,AT3G10050
Q9ZU25,AT1G51980
Q9ZU52,AT2G01140
Q9ZUC2,AT1G23730
Q9ZUR7,AT2G37500
Q9ZUU1,AT2G37250
Q9ZUY3,AT2G27820
Q9ZV48,AT2G18700
Q9ZW34,AT2G29560
Q9ZW84,AT2G43100
Q9ZW85,AT2G43090
O48717,unknown_15
