,Isoenzymes,ComplexID,Pmet
218,Q01908,pmet_ATPase_h,pmet_ATPase_h
227,Q01909,pmet_ATPase_h,pmet_ATPase_h
229,P10796,pmet_RBC_h,pmet_RBC_h
231,P10797,pmet_RBC_h,pmet_RBC_h
233,P10795,pmet_RBC_h,pmet_RBC_h
235,P10798,pmet_RBC_h,pmet_RBC_h
236,Q9LD57,pmet_PGAK_h,pmet_PGAK_h
237,P50318,pmet_PGAK_h,pmet_PGAK_h
244,P48491,pmet_TPI_h,pmet_TPI_h
245,Q9SKP6,pmet_TPI_h,pmet_TPI_h
246,Q9ZU52,pmet_FBPA_h,pmet_FBPA_h
247,O65581,pmet_FBPA_h,pmet_FBPA_h
248,Q9LF98,pmet_FBPA_h,pmet_FBPA_h
249,Q944G9,pmet_FBPA_h,pmet_FBPA_h
250,F4KGQ0,pmet_FBPA_h,pmet_FBPA_h
251,Q9SJU4,pmet_FBPA_h,pmet_FBPA_h
252,Q8RWV0,pmet_FTK_h,pmet_FTK_h
253,F4IW47,pmet_FTK_h,pmet_FTK_h
254,Q9ZU52,pmet_FBPA_h,pmet_SBPA_h
255,O65581,pmet_FBPA_h,pmet_SBPA_h
256,Q9LF98,pmet_FBPA_h,pmet_SBPA_h
257,Q944G9,pmet_FBPA_h,pmet_SBPA_h
258,F4KGQ0,pmet_FBPA_h,pmet_SBPA_h
259,Q9SJU4,pmet_FBPA_h,pmet_SBPA_h
260,Q8RWV0,pmet_FTK_h,pmet_STK_h
261,F4IW47,pmet_FTK_h,pmet_STK_h
262,O49299,pmet_PGM_h,pmet_PGM_h
263,Q9SGC1,pmet_PGM_h,pmet_PGM_h
264,Q9SCY0,pmet_PGM_h,pmet_PGM_h
281,Q9FNF2,pmet_StS_h1,pmet_StS_h1
282,Q9MAC8,pmet_StS_h1,pmet_StS_h1
283,F4IAG2,pmet_StS_h1,pmet_StS_h1
284,Q0WVX5,pmet_StS_h1,pmet_StS_h1
285,Q9FNF2,pmet_StS_h1,pmet_StS_h2
286,Q9MAC8,pmet_StS_h1,pmet_StS_h2
287,F4IAG2,pmet_StS_h1,pmet_StS_h2
288,Q0WVX5,pmet_StS_h1,pmet_StS_h2
289,Q9FNF2,pmet_StS_h1,pmet_StS_h3
290,Q9MAC8,pmet_StS_h1,pmet_StS_h3
291,F4IAG2,pmet_StS_h1,pmet_StS_h3
292,Q0WVX5,pmet_StS_h1,pmet_StS_h3
293,Q8VYW2,pmet_bAMY1_h,pmet_bAMY1_h
296,Q9LIR6,pmet_bAMY1_h,pmet_bAMY1_h
298,O65258,pmet_bAMY1_h,pmet_bAMY1_h
300,O23553,pmet_bAMY1_h,pmet_bAMY1_h
302,P25853,pmet_bAMY1_h,pmet_bAMY1_h
304,Q8L762,pmet_bAMY1_h,pmet_bAMY1_h
305,Q8VYW2,pmet_bAMY1_h,pmet_bAMY2_h
308,Q9LIR6,pmet_bAMY1_h,pmet_bAMY2_h
310,O65258,pmet_bAMY1_h,pmet_bAMY2_h
312,O23553,pmet_bAMY1_h,pmet_bAMY2_h
314,P25853,pmet_bAMY1_h,pmet_bAMY2_h
316,Q8L762,pmet_bAMY1_h,pmet_bAMY2_h
317,Q9LV91,pmet_DPE11_h,pmet_DPE11_h
318,Q8RXD9,pmet_DPE11_h,pmet_DPE11_h
319,Q9LV91,pmet_DPE11_h,pmet_DPE12_h
320,Q8RXD9,pmet_DPE11_h,pmet_DPE12_h
321,Q9LV91,pmet_DPE11_h,pmet_DPE13_h
322,Q8RXD9,pmet_DPE11_h,pmet_DPE13_h
323,Q9LV91,pmet_DPE11_h,pmet_DPE2_c
324,Q8RXD9,pmet_DPE11_h,pmet_DPE2_c
325,P48491,pmet_TPI_h,pmet_TPI_c
326,Q9SKP6,pmet_TPI_h,pmet_TPI_c
327,P22197,pmet_FBPA_c,pmet_FBPA_c
328,O65581,pmet_FBPA_c,pmet_FBPA_c
329,Q9LF98,pmet_FBPA_c,pmet_FBPA_c
330,Q9SJQ9,pmet_FBPA_c,pmet_FBPA_c
331,F4KGQ0,pmet_FBPA_c,pmet_FBPA_c
332,Q8H103,pmet_PGI_c,pmet_PGI_c
333,P34795,pmet_PGI_c,pmet_PGI_c
334,O49299,pmet_PGM_h,pmet_PGM_c
335,Q9SGC1,pmet_PGM_h,pmet_PGM_c
336,Q9SCY0,pmet_PGM_h,pmet_PGM_c
337,P57751,pmet_UGPase_c,pmet_UGPase_c
338,Q9M9P3,pmet_UGPase_c,pmet_UGPase_c
339,Q9SJ66,pmet_S6PPh_c,pmet_S6PPh_c
340,Q93XN8,pmet_S6PPh_c,pmet_S6PPh_c
341,P49040,pmet_SucS_c,pmet_SucS_c
342,Q00917,pmet_SucS_c,pmet_SucS_c
343,Q9LXL5,pmet_SucS_c,pmet_SucS_c
344,Q9LQF2,pmet_FrcFD_c,pmet_FrcFD_c
345,Q67XD9,pmet_FrcFD_c,pmet_FrcFD_c
346,Q9M394,pmet_FrcK_c,pmet_FrcK_c
347,P93834,pmet_FrcK_c,pmet_FrcK_c
348,Q9SID0,pmet_FrcK_c,pmet_FrcK_c
349,Q9M1B9,pmet_FrcK_c,pmet_FrcK_c
350,O80738,pmet_TPS_c,pmet_TPS_c
351,Q9ZV48,pmet_TPS_c,pmet_TPS_c
352,Q9SYM4,pmet_TPS_c,pmet_TPS_c
353,Q9FZ57,pmet_TPS_c,pmet_TPS_c
354,Q9SHG0,pmet_TPS_c,pmet_TPS_c
355,Q9LMI0,pmet_TPS_c,pmet_TPS_c
356,F4I1A6,pmet_TPP_c,pmet_TPP_c
357,Q67XC9,pmet_TPP_c,pmet_TPP_c
358,Q67X99,pmet_TPP_c,pmet_TPP_c
359,Q9SU39,pmet_TPP_c,pmet_TPP_c
360,Q9SUW0,pmet_TPP_c,pmet_TPP_c
361,Q8GWG2,pmet_TPP_c,pmet_TPP_c
362,Q5HZ05,pmet_TPP_c,pmet_TPP_c
363,O48946,pmet_CeS_c1,pmet_CeS_c1
364,O48947,pmet_CeS_c1,pmet_CeS_c1
365,Q941L0,pmet_CeS_c1,pmet_CeS_c1
366,Q84JA6,pmet_CeS_c1,pmet_CeS_c1
367,Q8L778,pmet_CeS_c1,pmet_CeS_c1
368,Q94JQ6,pmet_CeS_c1,pmet_CeS_c1
369,Q9SWW6,pmet_CeS_c1,pmet_CeS_c1
370,Q8LPK5,pmet_CeS_c1,pmet_CeS_c1
371,Q9SJ22,pmet_CeS_c1,pmet_CeS_c1
372,Q9SKJ5,pmet_CeS_c1,pmet_CeS_c1
373,O48946,pmet_CeS_c1,pmet_CeS_c2
374,O48947,pmet_CeS_c1,pmet_CeS_c2
375,Q941L0,pmet_CeS_c1,pmet_CeS_c2
376,Q84JA6,pmet_CeS_c1,pmet_CeS_c2
377,Q8L778,pmet_CeS_c1,pmet_CeS_c2
378,Q94JQ6,pmet_CeS_c1,pmet_CeS_c2
379,Q9SWW6,pmet_CeS_c1,pmet_CeS_c2
380,Q8LPK5,pmet_CeS_c1,pmet_CeS_c2
381,Q9SJ22,pmet_CeS_c1,pmet_CeS_c2
382,Q9SKJ5,pmet_CeS_c1,pmet_CeS_c2
383,O48946,pmet_CeS_c1,pmet_CeS_c3
384,O48947,pmet_CeS_c1,pmet_CeS_c3
385,Q941L0,pmet_CeS_c1,pmet_CeS_c3
386,Q84JA6,pmet_CeS_c1,pmet_CeS_c3
387,Q8L778,pmet_CeS_c1,pmet_CeS_c3
388,Q94JQ6,pmet_CeS_c1,pmet_CeS_c3
389,Q9SWW6,pmet_CeS_c1,pmet_CeS_c3
390,Q8LPK5,pmet_CeS_c1,pmet_CeS_c3
391,Q9SJ22,pmet_CeS_c1,pmet_CeS_c3
392,Q9SKJ5,pmet_CeS_c1,pmet_CeS_c3
393,P57106,pmet_MalDH1_c,pmet_MalDH1_c
394,Q9FJU0,pmet_MalDH1_c,pmet_MalDH1_c
395,P93819,pmet_MalDH1_c,pmet_MalDH1_c
396,B5X574,pmet_PEPC1_c,pmet_PEPC1_c
397,Q9T074,pmet_PEPC1_c,pmet_PEPC1_c
398,Q9MAH0,pmet_PEPC2_c,pmet_PEPC2_c
399,Q5GM68,pmet_PEPC2_c,pmet_PEPC2_c
400,Q84VW9,pmet_PEPC2_c,pmet_PEPC2_c
401,Q8GVE8,pmet_PEPC2_c,pmet_PEPC2_c
402,Q9ZW34,pmet_Enol_c,pmet_Enol_c
403,P25696,pmet_Enol_c,pmet_Enol_c
404,Q9SCS3,pmet_PGAM_c,pmet_PGAM_c
405,O04499,pmet_PGAM_c,pmet_PGAM_c
406,Q9M9K1,pmet_PGAM_c,pmet_PGAM_c
407,Q9LD57,pmet_PGAK_c,pmet_PGAK_c
408,Q9SAJ4,pmet_PGAK_c,pmet_PGAK_c
409,P25858,pmet_GAPDH2_c,pmet_GAPDH2_c
410,Q9FX54,pmet_GAPDH2_c,pmet_GAPDH2_c
411,Q9M0F9,pmet_F6PK1_c,pmet_F6PK1_c
412,Q9FIK0,pmet_F6PK1_c,pmet_F6PK1_c
413,Q94AA4,pmet_F6PK1_c,pmet_F6PK1_c
414,Q9M076,pmet_F6PK1_c,pmet_F6PK1_c
415,Q9C5J7,pmet_F6PK1_c,pmet_F6PK1_c
416,Q9FKG3,pmet_F6PK1_h,pmet_F6PK1_h
417,Q8VYN6,pmet_F6PK1_h,pmet_F6PK1_h
418,Q9SAJ6,pmet_GAPDH2_h,pmet_GAPDH2_h
419,Q5E924,pmet_GAPDH2_h,pmet_GAPDH2_h
420,Q9LM13,pmet_PGAM_h,pmet_PGAM_h
421,F4I8M8,pmet_PGAM_h,pmet_PGAM_h
422,Q9C9C4,pmet_Enol_h,pmet_Enol_h
423,P25696,pmet_Enol_h,pmet_Enol_h
424,Q9SQQ7,pmet_PyrK_c,pmet_PyrK_c
425,A0A384L5D5,pmet_PyrK_c,pmet_PyrK_c
426,Q9FNN1,pmet_PyrK_c,pmet_PyrK_c
427,A0A654FAY0,pmet_PyrK_c,pmet_PyrK_c
428,Q9LU95,pmet_PyrK_c,pmet_PyrK_c
429,A0A178VX82,pmet_PyrK_c,pmet_PyrK_c
430,Q9SJQ0,pmet_PyrK_c,pmet_PyrK_c
431,Q9M057,pmet_PyrK_c,pmet_PyrK_c
432,Q9M044,pmet_PyrK_c,pmet_PyrK_c
433,A0A384KII3,pmet_PyrK_c,pmet_PyrK_c
434,Q9FFP6,pmet_PyrK_c,pmet_PyrK_c
435,A8MR07,pmet_PyrK_c,pmet_PyrK_c
436,Q9FLW9,pmet_PyrK_h,pmet_PyrK_h
439,Q93Z53,pmet_PyrK_h,pmet_PyrK_h
440,Q0WQF7,pmet_DHLAcT_m,pmet_DHLAcT_m
441,Q8RWN9,pmet_DHLAcT_m,pmet_DHLAcT_m
442,Q5M729,pmet_DHLAcT_m,pmet_DHLAcT_m
443,Q9M5K3,pmet_DHLDH2_m,pmet_DHLDH2_m
444,Q9M5K2,pmet_DHLDH2_m,pmet_DHLDH2_m
445,P20115,pmet_CitS_m,pmet_CitS_m
446,Q9M1D3,pmet_CitS_m,pmet_CitS_m
447,Q42560,pmet_cACNDHA_m,pmet_cACNDHA_m
448,Q9SIB9,pmet_cACNDHA_m,pmet_cACNDHA_m
449,Q94A28,pmet_cACNDHA_m,pmet_cACNDHA_m
450,Q42560,pmet_cACNDHA_m,pmet_cACNHA_m
451,Q9SIB9,pmet_cACNDHA_m,pmet_cACNHA_m
452,Q94A28,pmet_cACNDHA_m,pmet_cACNHA_m
465,A0A5S9YI34,pmet_KGDH_m,pmet_KGDH_m
466,Q9FLH2,pmet_KGDH_m,pmet_KGDH_m
467,A0A384KLZ3,pmet_KGDH_m,pmet_KGDH_m
468,F4IWV2,pmet_KGDH_m,pmet_KGDH_m
469,Q9FLQ4,pmet_DHLST_m,pmet_DHLST_m
470,Q8H107,pmet_DHLST_m,pmet_DHLST_m
472,P68209,pmet_SCACoAL_m,pmet_SCACoAL_m
474,Q8LAD2,pmet_SCACoAL_m,pmet_SCACoAL_m
667,P93033,pmet_FumHA_m,pmet_FumHA_m
668,Q9FI53,pmet_FumHA_m,pmet_FumHA_m
669,Q9ZP06,pmet_MalDH1_m,pmet_MalDH1_m
670,Q9LKA3,pmet_MalDH1_m,pmet_MalDH1_m
2268,P10796,pmet_RBC_h,pmet_RBO_h
2270,P10797,pmet_RBC_h,pmet_RBO_h
2272,P10795,pmet_RBC_h,pmet_RBO_h
2274,P10798,pmet_RBC_h,pmet_RBO_h
2275,P0DKC3,pmet_PGP_h,pmet_PGP_h
2276,P0DKC4,pmet_PGP_h,pmet_PGP_h
2277,Q8GWU0,pmet_PGP_h,pmet_PGP_h
2278,Q9LRR9,pmet_GCAO_p,pmet_GCAO_p
2279,Q9LRS0,pmet_GCAO_p,pmet_GCAO_p
2280,Q24JJ8,pmet_GCAO_p,pmet_GCAO_p
2281,O49506,pmet_GCAO_p,pmet_GCAO_p
2282,Q42547,pmet_CAT_p,pmet_CAT_p
2283,Q96528,pmet_CAT_p,pmet_CAT_p
2284,P25819,pmet_CAT_p,pmet_CAT_p
2285,Q9LR30,pmet_GGAT_p,pmet_GGAT_p
2286,Q9S7E9,pmet_GGAT_p,pmet_GGAT_p
2287,Q94B78,pmet_GlyDH_m,pmet_GlyDH_m
2288,O80988,pmet_GlyDH_m,pmet_GlyDH_m
2289,Q9M5K3,pmet_DHLDH2_m,pmet_DHLDH1_m
2290,Q9M5K2,pmet_DHLDH2_m,pmet_DHLDH1_m
2291,Q9SZJ5,pmet_GlyHMT_m,pmet_GlyHMT_m
2292,Q94C74,pmet_GlyHMT_m,pmet_GlyHMT_m
2293,O82399,pmet_MalDH1_p,pmet_MalDH1_p
2294,Q9ZP05,pmet_MalDH1_p,pmet_MalDH1_p
2295,Q9FY99,pmet_G6PDH_h,pmet_G6PDH_h
2296,Q8L743,pmet_G6PDH_h,pmet_G6PDH_h
2297,Q9LK23,pmet_G6PDH_h,pmet_G6PDH_h
2298,Q43727,pmet_G6PDH_h,pmet_G6PDH_h
2299,Q93ZW0,pmet_G6PDH_h,pmet_G6PDH_h
2300,Q9LMX8,pmet_6PGL_h,pmet_6PGL_h
2301,Q8LG70,pmet_6PGL_h,pmet_6PGL_h
2302,Q8LEV7,pmet_6PGL_h,pmet_6PGL_h
2303,Q9FIN1,pmet_6PGL_h,pmet_6PGL_h
2304,Q84WW2,pmet_6PGL_h,pmet_6PGL_h
2305,Q9FWA3,pmet_6PGDHNAD_h,pmet_6PGDHNAD_h
2306,Q9SH69,pmet_6PGDHNAD_h,pmet_6PGDHNAD_h
2307,Q9FFR3,pmet_6PGDHNAD_h,pmet_6PGDHNAD_h
2308,Q9FWA3,pmet_6PGDHNAD_h,pmet_6PGDHNADP_h
2309,Q9SH69,pmet_6PGDHNAD_h,pmet_6PGDHNADP_h
2310,Q9FFR3,pmet_6PGDHNAD_h,pmet_6PGDHNADP_h
2311,A0A178UD24,pmet_TA_h,pmet_TA_h
2312,Q9LYR4,pmet_TA_h,pmet_TA_h
2313,F4IC59,pmet_TA_h,pmet_TA_h
2314,P29976,pmet_DAHPS_h,pmet_DAHPS_h
2315,Q00218,pmet_DAHPS_h,pmet_DAHPS_h
2316,Q9SJ05,pmet_SAK_h,pmet_SAK_h
2317,Q8GY88,pmet_SAK_h,pmet_SAK_h
2318,Q42581,pmet_R5PDPK_h,pmet_R5PDPK_h
2319,Q42583,pmet_R5PDPK_h,pmet_R5PDPK_h
2320,Q93Z66,pmet_R5PDPK_h,pmet_R5PDPK_h
2321,O64888,pmet_R5PDPK_h,pmet_R5PDPK_h
2322,O82191,pmet_MalDH2NADP_c,pmet_MalDH2NADP_c
2323,Q9LYG3,pmet_MalDH2NADP_c,pmet_MalDH2NADP_c
2324,Q9XGZ0,pmet_MalDH2NADP_c,pmet_MalDH2NADP_c
2325,Q9SN86,pmet_MalDH1_h,pmet_MalDH1_h
2326,Q9ZP05,pmet_MalDH1_h,pmet_MalDH1_h
2327,Q9LXS6,pmet_CitS_c,pmet_CitS_c
2328,Q9SJH7,pmet_CitS_c,pmet_CitS_c
2329,Q42560,pmet_cACNDHA_m,pmet_cACNDHA_c
2330,Q9SIB9,pmet_cACNDHA_m,pmet_cACNDHA_c
2331,Q94A28,pmet_cACNDHA_m,pmet_cACNDHA_c
2332,Q9SIB9,pmet_cACNDHA_h,pmet_cACNDHA_h
2333,Q94A28,pmet_cACNDHA_h,pmet_cACNDHA_h
2334,Q42560,pmet_cACNDHA_m,pmet_cACNHA_c
2335,Q9SIB9,pmet_cACNDHA_m,pmet_cACNHA_c
2336,Q94A28,pmet_cACNDHA_m,pmet_cACNHA_c
2337,Q9SIB9,pmet_cACNDHA_h,pmet_cACNHA_h
2338,Q94A28,pmet_cACNDHA_h,pmet_cACNHA_h
2339,Q9SRZ6,pmet_iCitDHNADP_h,pmet_iCitDHNADP_h
2340,Q8LPJ5,pmet_iCitDHNADP_h,pmet_iCitDHNADP_h
2341,Q9SLK0,pmet_iCitDHNADP_h,pmet_iCitDHNADP_h
2356,Q42533,pmet_ACoAC_h,pmet_ACoAC_h
2361,Q9LLC1,pmet_ACoAC_h,pmet_ACoAC_h
2362,O82793,pmet_PPIase_c,pmet_PPIase_c
2363,Q93V56,pmet_PPIase_c,pmet_PPIase_c
2364,Q9LFF9,pmet_PPIase_c,pmet_PPIase_c
2365,P21216,pmet_PPIase_c,pmet_PPIase_c
2366,Q9SYP2,pmet_PPIF6PK_c,pmet_PPIF6PK_c
2367,Q9C9K3,pmet_PPIF6PK_c,pmet_PPIF6PK_c
2368,Q8W4M5,pmet_PPIF6PK_c,pmet_PPIF6PK_c
2369,F4JGR5,pmet_PPIF6PK_c,pmet_PPIF6PK_c
2370,Q39243,pmet_TRXR_c,pmet_TRXR_c
2371,Q39242,pmet_TRXR_c,pmet_TRXR_c
2372,O22229,pmet_TRXR_c,pmet_TRXR_c
2373,Q9SF85,pmet_ADNK_c,pmet_ADNK_c
2374,Q9LZG0,pmet_ADNK_c,pmet_ADNK_c
2375,Q9SU38,pmet_ADPRPPT_c,pmet_ADPRPPT_c
2376,Q9LFP0,pmet_ADPRPPT_c,pmet_ADPRPPT_c
2377,Q9SUW2,pmet_ADPRPPT_c,pmet_ADPRPPT_c
2378,P31166,pmet_ADPRPPT_c,pmet_ADPRPPT_c
2379,Q42563,pmet_ADPRPPT_c,pmet_ADPRPPT_c
2380,P11832,pmet_NO3R1_c,pmet_NO3R1_c
2381,P11035,pmet_NO3R1_c,pmet_NO3R1_c
2382,P11832,pmet_NO3R1_c,pmet_NO3R2_c
2383,P11035,pmet_NO3R1_c,pmet_NO3R2_c
2384,Q9LIK9,pmet_ATPSL_h,pmet_ATPSL_h
2385,Q43870,pmet_ATPSL_h,pmet_ATPSL_h
2386,O23324,pmet_ATPSL_h,pmet_ATPSL_h
2387,Q9S7D8,pmet_ATPSL_h,pmet_ATPSL_h
2388,P92979,pmet_APSR_h,pmet_APSR_h
2389,P92981,pmet_APSR_h,pmet_APSR_h
2390,P92980,pmet_APSR_h,pmet_APSR_h
2391,F4HUC4,pmet_HCO3DHA_c,pmet_HCO3DHA_c
2392,Q9FYE3,pmet_HCO3DHA_c,pmet_HCO3DHA_c
2393,F4JIK2,pmet_HCO3DHA_c,pmet_HCO3DHA_c
2394,Q9SUB4,pmet_HCO3DHA_c,pmet_HCO3DHA_c
2395,F4IHR4,pmet_HCO3DHA_c,pmet_HCO3DHA_c
2396,O04846,pmet_HCO3DHA_c,pmet_HCO3DHA_c
2397,Q9ZUC2,pmet_HCO3DHA_c,pmet_HCO3DHA_c
2398,P42737,pmet_HCO3DHA_c,pmet_HCO3DHA_c
2399,F4JIK2,pmet_HCO3DHA_h,pmet_HCO3DHA_h
2400,Q8L817,pmet_HCO3DHA_h,pmet_HCO3DHA_h
2401,O04846,pmet_HCO3DHA_h,pmet_HCO3DHA_h
2402,Q9ZUC2,pmet_HCO3DHA_h,pmet_HCO3DHA_h
2403,Q94CE4,pmet_HCO3DHA_h,pmet_HCO3DHA_h
2404,Q9C6F5,pmet_HCO3DHA_h,pmet_HCO3DHA_h
2405,P27140,pmet_HCO3DHA_h,pmet_HCO3DHA_h
2406,P42737,pmet_HCO3DHA_h,pmet_HCO3DHA_h
2407,Q94CE3,pmet_HCO3DHA_h,pmet_HCO3DHA_h
2408,Q9LDV4,pmet_AlaTA_m,pmet_AlaTA_m
2409,Q9SR86,pmet_AlaTA_m,pmet_AlaTA_m
2410,F4I7I0,pmet_AlaTA_m,pmet_AlaTA_m
2411,Q9LR30,pmet_GGAT_p,pmet_AlaTA_p
2412,Q9S7E9,pmet_GGAT_p,pmet_AlaTA_p
2413,Q9LV77,pmet_AsnS_c,pmet_AsnS_c
2414,Q9LFU1,pmet_AsnS_c,pmet_AsnS_c
2415,P49078,pmet_AsnS_c,pmet_AsnS_c
2416,Q8GYY0,pmet_AspAT_c,pmet_AspAT_c
2417,Q9LQ10,pmet_AspAT_c,pmet_AspAT_c
2418,P46646,pmet_AspAT_c,pmet_AspAT_c
2419,P46645,pmet_AspAT_c,pmet_AspAT_c
2420,Q9SIE1,pmet_AspAT_h,pmet_AspAT_h
2421,P46248,pmet_AspAT_h,pmet_AspAT_h
2422,P46644,pmet_AspAT_m,pmet_AspAT_m
2423,P46643,pmet_AspAT_m,pmet_AspAT_m
2424,Q42588,pmet_SerAcT_c,pmet_SerAcT_c
2425,Q8S895,pmet_SerAcT_c,pmet_SerAcT_c
2426,Q39218,pmet_SerAcT_c,pmet_SerAcT_c
2427,Q8W2B8,pmet_SerAcT_c,pmet_SerAcT_c
2428,Q42538,pmet_SerAcT_c,pmet_SerAcT_c
2429,Q42588,pmet_SerAcT_h,pmet_SerAcT_h
2430,Q39218,pmet_SerAcT_h,pmet_SerAcT_h
2431,Q42588,pmet_SerAcT_h,pmet_SerAcT_m
2432,Q39218,pmet_SerAcT_h,pmet_SerAcT_m
2433,P47998,pmet_CysS_c,pmet_CysS_c
2434,Q9LJA0,pmet_CysS_c,pmet_CysS_c
2435,Q9S757,pmet_CysS_h,pmet_CysS_h
2436,O22682,pmet_CysS_h,pmet_CysS_h
2437,P47998,pmet_CysS_h,pmet_CysS_h
2438,P47999,pmet_CysS_h,pmet_CysS_h
2439,Q9S757,pmet_CysS_m,pmet_CysS_m
2440,O22682,pmet_CysS_m,pmet_CysS_m
2441,P47999,pmet_CysS_m,pmet_CysS_m
2442,Q9SXS7,pmet_CysS_m,pmet_CysS_m
2443,Q9ZNZ7,pmet_GluSFd_h,pmet_GluSFd_h
2444,Q9T0P4,pmet_GluSFd_h,pmet_GluSFd_h
2445,Q43314,pmet_GluDH1NAD_m,pmet_GluDH1NAD_m
2446,Q38946,pmet_GluDH1NAD_m,pmet_GluDH1NAD_m
2447,Q9S7A0,pmet_GluDH1NAD_m,pmet_GluDH1NAD_m
2448,Q43314,pmet_GluDH1NAD_m,pmet_GluDH1NADP_m
2449,Q38946,pmet_GluDH1NAD_m,pmet_GluDH1NADP_m
2450,Q9S7A0,pmet_GluDH1NAD_m,pmet_GluDH1NADP_m
2451,Q43314,pmet_GluDH2NAD_m,pmet_GluDH2NAD_m
2452,Q38946,pmet_GluDH2NAD_m,pmet_GluDH2NAD_m
2453,Q42521,pmet_GluDC_c,pmet_GluDC_c
2454,Q42472,pmet_GluDC_c,pmet_GluDC_c
2455,Q9ZPS4,pmet_GluDC_c,pmet_GluDC_c
2456,Q9ZPS3,pmet_GluDC_c,pmet_GluDC_c
2457,Q9LSH2,pmet_GluDC_c,pmet_GluDC_c
2458,Q56WN1,pmet_GlnS_c,pmet_GlnS_c
2459,Q9LVI8,pmet_GlnS_c,pmet_GlnS_c
2460,Q9FMD9,pmet_GlnS_c,pmet_GlnS_c
2461,Q8LCE1,pmet_GlnS_c,pmet_GlnS_c
2462,Q9LVI8,pmet_GlnS_h,pmet_GlnS_h
2463,Q8GXW5,pmet_GlnS_h,pmet_GlnS_h
2464,Q43127,pmet_GlnS_h,pmet_GlnS_h
2465,Q0WSF1,pmet_ACDOxRed_c,pmet_ACDOxRed_c
2466,Q56YU0,pmet_ACDOxRed_c,pmet_ACDOxRed_c
2467,Q70E96,pmet_ACDOxRed_c,pmet_ACDOxRed_c
2468,Q70DU8,pmet_ACDOxRed_c,pmet_ACDOxRed_c
2469,Q9SYG7,pmet_ACDOxRed_c,pmet_ACDOxRed_c
2470,Q9LRR9,pmet_GCAO_h,pmet_GCAO_h
2471,Q9LRS0,pmet_GCAO_h,pmet_GCAO_h
2472,Q42547,pmet_CAT_p,pmet_CAT_h
2473,Q96528,pmet_CAT_p,pmet_CAT_h
2474,P25819,pmet_CAT_p,pmet_CAT_h
2475,Q9S762,pmet_ATPPRT_h,pmet_ATPPRT_h
2476,Q8GSJ1,pmet_ATPPRT_h,pmet_ATPPRT_h
2477,P34047,pmet_IGPDA_h,pmet_IGPDA_h
2478,O23346,pmet_IGPDA_h,pmet_IGPDA_h
2479,B9DHD3,pmet_HisolPTA_h,pmet_HisolPTA_h
2480,P0DI07,pmet_HisolPTA_h,pmet_HisolPTA_h
2481,Q9M401,pmet_BAATA1_h,pmet_BAATA1_h
2482,Q9M439,pmet_BAATA1_h,pmet_BAATA1_h
2483,Q9FYA6,pmet_BAATA1_h,pmet_BAATA1_h
2484,Q9LPR4,pmet_2IPMS_h,pmet_2IPMS_h
2485,Q9C550,pmet_2IPMS_h,pmet_2IPMS_h
2487,Q9ZW85,pmet_3IPMDA1_h,pmet_3IPMDA1_h
2489,Q9ZW84,pmet_3IPMDA1_h,pmet_3IPMDA1_h
2491,Q9LYT7,pmet_3IPMDA1_h,pmet_3IPMDA1_h
2493,Q9ZW85,pmet_3IPMDA1_h,pmet_3IPMDA2_h
2495,Q9ZW84,pmet_3IPMDA1_h,pmet_3IPMDA2_h
2497,Q9LYT7,pmet_3IPMDA1_h,pmet_3IPMDA2_h
2498,P93832,pmet_3IPMDH_h,pmet_3IPMDH_h
2499,Q9FMT1,pmet_3IPMDH_h,pmet_3IPMDH_h
2500,Q9SA14,pmet_3IPMDH_h,pmet_3IPMDH_h
2501,Q9M401,pmet_BAATA1_h,pmet_BAATA2_h
2502,Q9M439,pmet_BAATA1_h,pmet_BAATA2_h
2503,Q9FYA6,pmet_BAATA1_h,pmet_BAATA2_h
2504,O81852,pmet_AspK_h,pmet_AspK_h
2505,Q9SA18,pmet_AspK_h,pmet_AspK_h
2506,Q9LYU8,pmet_AspK_h,pmet_AspK_h
2507,Q9S702,pmet_AspK_h,pmet_AspK_h
2508,O23653,pmet_AspK_h,pmet_AspK_h
2509,Q9FVC8,pmet_DHDS_h,pmet_DHDS_h
2510,Q9LZX6,pmet_DHDS_h,pmet_DHDS_h
2511,Q9FJ82,pmet_DHDRNAD_h,pmet_DHDRNAD_h
2512,Q8LB01,pmet_DHDRNAD_h,pmet_DHDRNAD_h
2513,O80574,pmet_DHDRNAD_h,pmet_DHDRNAD_h
2514,Q9FJ82,pmet_DHDRNAD_h,pmet_DHDRNADP_h
2515,Q8LB01,pmet_DHDRNAD_h,pmet_DHDRNADP_h
2516,O80574,pmet_DHDRNAD_h,pmet_DHDRNADP_h
2517,Q949X7,pmet_DAPDC_h,pmet_DAPDC_h
2518,Q94A94,pmet_DAPDC_h,pmet_DAPDC_h
2527,O80585,pmet_5M-THFOR_c,pmet_5M-THFOR_c
2528,Q9SE60,pmet_5M-THFOR_c,pmet_5M-THFOR_c
2529,Q0WNZ5,pmet_MetS_c,pmet_MetS_c
2530,O50008,pmet_MetS_c,pmet_MetS_c
2531,Q9SRV5,pmet_MetS_c,pmet_MetS_c
2532,O23254,pmet_GlyHMT_c,pmet_GlyHMT_c
2533,Q9SVM4,pmet_GlyHMT_c,pmet_GlyHMT_c
2534,Q9SDL7,pmet_HCysMT_c,pmet_HCysMT_c
2535,Q9M1W4,pmet_HCysMT_c,pmet_HCysMT_c
2536,Q8LAX0,pmet_HCysMT_c,pmet_HCysMT_c
2537,Q9LK36,pmet_Cysase_c,pmet_Cysase_c
2538,O23255,pmet_Cysase_c,pmet_Cysase_c
2539,Q9SGD6,pmet_AGNDA_h,pmet_AGNDA_h
2540,Q9SSE7,pmet_AGNDA_h,pmet_AGNDA_h
2541,Q9SA96,pmet_AGNDA_h,pmet_AGNDA_h
2542,Q9ZUY3,pmet_AGNDA_h,pmet_AGNDA_h
2543,O22241,pmet_AGNDA_h,pmet_AGNDA_h
2544,Q9FNJ8,pmet_AGNDA_h,pmet_AGNDA_h
2545,P46637,pmet_Arginase_m,pmet_Arginase_m
2546,Q9ZPF5,pmet_Arginase_m,pmet_Arginase_m
2547,P54887,pmet_GluK_c,pmet_GluK_c
2548,P54888,pmet_GluK_c,pmet_GluK_c
2549,P54887,pmet_GluK_c,pmet_GluK_h
2550,P54888,pmet_GluK_c,pmet_GluK_h
2551,P54887,pmet_GluK_c,pmet_GluK_m
2552,P54888,pmet_GluK_c,pmet_GluK_m
2553,P54888,pmet_GluK_c,pmet_GluSeADH_c
2554,P54887,pmet_GluK_c,pmet_GluSeADH_c
2555,P54888,pmet_GluK_c,pmet_GluSeADH_h
2556,P54887,pmet_GluK_c,pmet_GluSeADH_h
2557,P54888,pmet_GluK_c,pmet_GluSeADH_m
2558,P54887,pmet_GluK_c,pmet_GluSeADH_m
2559,P92983,pmet_ProDHNAD_m,pmet_ProDHNAD_m
2560,Q6NKX1,pmet_ProDHNAD_m,pmet_ProDHNAD_m
2561,P92983,pmet_ProDHNAD_m,pmet_ProDHNADP_m
2562,Q6NKX1,pmet_ProDHNAD_m,pmet_ProDHNADP_m
2563,Q9LT69,pmet_PGADH_h,pmet_PGADH_h
2564,O49485,pmet_PGADH_h,pmet_PGADH_h
2565,O04130,pmet_PGADH_h,pmet_PGADH_h
2566,Q96255,pmet_PSerAT_h,pmet_PSerAT_h
2567,Q9SHP0,pmet_PSerAT_h,pmet_PSerAT_h
2568,Q9S7B5,pmet_ThrS_h,pmet_ThrS_h
2569,Q9SSP5,pmet_ThrS_h,pmet_ThrS_h
2570,P32068,pmet_ANTS_h,pmet_ANTS_h
2571,P32069,pmet_ANTS_h,pmet_ANTS_h
2572,Q42527,pmet_PRANTI_h,pmet_PRANTI_h
2573,Q8LPI9,pmet_PRANTI_h,pmet_PRANTI_h
2574,Q42440,pmet_PRANTI_h,pmet_PRANTI_h
2575,Q42529,pmet_IndGPL_h,pmet_IndGPL_h
2576,O22765,pmet_IndGPL_h,pmet_IndGPL_h
2578,P25269,pmet_TrpS_h,pmet_TrpS_h
2580,P14671,pmet_TrpS_h,pmet_TrpS_h
2581,Q9M401,pmet_BAATA1_h,pmet_BAATA3_h
2582,Q9M439,pmet_BAATA1_h,pmet_BAATA3_h
2583,Q9FYA6,pmet_BAATA1_h,pmet_BAATA3_h
2584,Q9SI61,pmet_ATase_h,pmet_ATase_h
2585,Q9STG9,pmet_ATase_h,pmet_ATase_h
2586,Q9T0J5,pmet_ATase_h,pmet_ATase_h
2587,A0A654FQL5,pmet_DCAMPL1_h,pmet_DCAMPL1_h
2588,Q8RY94,pmet_DCAMPL1_h,pmet_DCAMPL1_h
2589,F4I1L9,pmet_DCAMPL1_h,pmet_DCAMPL1_h
2590,P47996,pmet_IMPDH_c,pmet_IMPDH_c
2591,Q9SA34,pmet_IMPDH_c,pmet_IMPDH_c
2592,A0A654FQL5,pmet_DCAMPL1_h,pmet_DCAMPL2_h
2593,Q8RY94,pmet_DCAMPL1_h,pmet_DCAMPL2_h
2594,F4I1L9,pmet_DCAMPL1_h,pmet_DCAMPL2_h
2595,A0A384K8P2,pmet_CTPS_c,pmet_CTPS_c
2596,Q9LTW8,pmet_CTPS_c,pmet_CTPS_c
2597,A0A1P8B6F9,pmet_CTPS_c,pmet_CTPS_c
2598,Q0WRY1,pmet_CTPS_c,pmet_CTPS_c
2599,O64753,pmet_CTPS_c,pmet_CTPS_c
2600,A0A178WJZ2,pmet_CTPS_c,pmet_CTPS_c
2601,F4I6G9,pmet_CTPS_c,pmet_CTPS_c
2602,Q9ZUU1,pmet_AMPK_c,pmet_AMPK_c
2603,Q9FK35,pmet_AMPK_c,pmet_AMPK_c
2604,O82514,pmet_AMPK_c,pmet_AMPK_c
2605,Q8VYL1,pmet_AMPK_h,pmet_AMPK_h
2606,Q9ZUU1,pmet_AMPK_h,pmet_AMPK_h
2607,Q9FIJ7,pmet_AMPK_h,pmet_AMPK_h
2608,P93757,pmet_GMPK_c,pmet_GMPK_c
2609,Q9M682,pmet_GMPK_c,pmet_GMPK_c
2610,P50651,pmet_ADPR_c,pmet_ADPR_c
2613,Q9LSD0,pmet_ADPR_c,pmet_ADPR_c
2614,P50651,pmet_ADPR_c,pmet_CDPR_c
2617,Q9LSD0,pmet_ADPR_c,pmet_CDPR_c
2618,P50651,pmet_ADPR_c,pmet_GDPR_c
2621,Q9LSD0,pmet_ADPR_c,pmet_GDPR_c
2622,P50651,pmet_ADPR_c,pmet_UDPR_c
2625,Q9LSD0,pmet_ADPR_c,pmet_UDPR_c
2626,P39207,pmet_GDPK_c,pmet_GDPK_c
2627,O64903,pmet_GDPK_c,pmet_GDPK_c
2628,P39207,pmet_GDPK_c,pmet_GDPK_h
2629,O64903,pmet_GDPK_c,pmet_GDPK_h
2630,P39207,pmet_GDPK_c,pmet_UDPK_c
2631,O64903,pmet_GDPK_c,pmet_UDPK_c
2632,P39207,pmet_GDPK_c,pmet_dADPK_c
2633,O64903,pmet_GDPK_c,pmet_dADPK_c
2634,P39207,pmet_GDPK_c,pmet_dCDPK_c
2635,O64903,pmet_GDPK_c,pmet_dCDPK_c
2636,P39207,pmet_GDPK_c,pmet_dGDPK_c
2637,O64903,pmet_GDPK_c,pmet_dGDPK_c
2638,P39207,pmet_GDPK_c,pmet_dTDPK_c
2639,O64903,pmet_GDPK_c,pmet_dTDPK_c
2640,P39207,pmet_GDPK_c,pmet_dUDPK_c
2641,O64903,pmet_GDPK_c,pmet_dUDPK_c
2642,Q39219,pmet_AOX1A_m,pmet_AOX1A_m
2643,O23913,pmet_AOX1A_m,pmet_AOX1A_m
2644,O22048,pmet_AOX1A_m,pmet_AOX1A_m
2645,O22049,pmet_AOX1A_m,pmet_AOX1A_m
2646,Q8LEE7,pmet_AOX1A_m,pmet_AOX1A_m
2647,Q8GYY0,pmet_AspAT2_c,pmet_AspAT2_c
2648,Q9LQ10,pmet_AspAT2_c,pmet_AspAT2_c
2649,P46646,pmet_AspAT2_c,pmet_AspAT2_c
2650,P46645,pmet_AspAT2_c,pmet_AspAT2_c
2651,P46644,pmet_AspAT2_c,pmet_AspAT2_c
2652,Q9SIE1,pmet_AspAT2_c,pmet_AspAT2_c
2653,Q9SIE1,pmet_AspAT2_h,pmet_AspAT2_h
2654,P46248,pmet_AspAT2_h,pmet_AspAT2_h
2655,P46644,pmet_AspAT2_h,pmet_AspAT2_h
2656,P46643,pmet_AspAT2_m,pmet_AspAT2_m
2657,P46248,pmet_AspAT2_m,pmet_AspAT2_m
2658,P42738,pmet_CHRM_h,pmet_CHRM_h
2659,Q9C544,pmet_CHRM_h,pmet_CHRM_h
2660,P23686,pmet_MetAdT_c,pmet_MetAdT_c
2661,Q9SJL8,pmet_MetAdT_c,pmet_MetAdT_c
2662,P17562,pmet_MetAdT_c,pmet_MetAdT_c
2663,Q9LUT2,pmet_MetAdT_c,pmet_MetAdT_c
2664,Q8GWA1,pmet_NDA2_1_m,pmet_NDA2_1_m
2665,O80874,pmet_NDA2_1_m,pmet_NDA2_1_m
2666,Q1JPL4,pmet_NDA2_1_m,pmet_NDA2_1_m
2667,Q94BV7,pmet_NDA2_1_m,pmet_NDA2_1_m
2668,F4JJJ3,pmet_NDA2_1_m,pmet_NDA2_1_m
2669,Q9SKT7,pmet_NDA2_1_m,pmet_NDA2_1_m
2670,Q8GXR9,pmet_NDA2_1_m,pmet_NDA2_1_m
2671,Q8GWA1,pmet_NDA2_1_m,pmet_NDA2_2_m
2672,O80874,pmet_NDA2_1_m,pmet_NDA2_2_m
2673,Q1JPL4,pmet_NDA2_1_m,pmet_NDA2_2_m
2674,Q94BV7,pmet_NDA2_1_m,pmet_NDA2_2_m
2675,F4JJJ3,pmet_NDA2_1_m,pmet_NDA2_2_m
2676,Q9SKT7,pmet_NDA2_1_m,pmet_NDA2_2_m
2677,Q8GXR9,pmet_NDA2_1_m,pmet_NDA2_2_m
2684,Q01908,pmet_ATPase_h,pmet_ATPase_h_REV
2693,Q01909,pmet_ATPase_h,pmet_ATPase_h_REV
2694,Q9LD57,pmet_PGAK_h,pmet_PGAK_h_REV
2695,P50318,pmet_PGAK_h,pmet_PGAK_h_REV
2696,P48491,pmet_TPI_h,pmet_TPI_h_REV
2697,Q9SKP6,pmet_TPI_h,pmet_TPI_h_REV
2698,Q9ZU52,pmet_FBPA_h,pmet_FBPA_h_REV
2699,O65581,pmet_FBPA_h,pmet_FBPA_h_REV
2700,Q9LF98,pmet_FBPA_h,pmet_FBPA_h_REV
2701,Q944G9,pmet_FBPA_h,pmet_FBPA_h_REV
2702,F4KGQ0,pmet_FBPA_h,pmet_FBPA_h_REV
2703,Q9SJU4,pmet_FBPA_h,pmet_FBPA_h_REV
2704,Q8RWV0,pmet_FTK_h,pmet_FTK_h_REV
2705,F4IW47,pmet_FTK_h,pmet_FTK_h_REV
2706,Q8RWV0,pmet_FTK_h,pmet_STK_h_REV
2707,F4IW47,pmet_FTK_h,pmet_STK_h_REV
2708,O49299,pmet_PGM_h,pmet_PGM_h_REV
2709,Q9SGC1,pmet_PGM_h,pmet_PGM_h_REV
2710,Q9SCY0,pmet_PGM_h,pmet_PGM_h_REV
2711,P48491,pmet_TPI_h,pmet_TPI_c_REV
2712,Q9SKP6,pmet_TPI_h,pmet_TPI_c_REV
2713,P22197,pmet_FBPA_c,pmet_FBPA_c_REV
2714,O65581,pmet_FBPA_c,pmet_FBPA_c_REV
2715,Q9LF98,pmet_FBPA_c,pmet_FBPA_c_REV
2716,Q9SJQ9,pmet_FBPA_c,pmet_FBPA_c_REV
2717,F4KGQ0,pmet_FBPA_c,pmet_FBPA_c_REV
2718,Q8H103,pmet_PGI_c,pmet_PGI_c_REV
2719,P34795,pmet_PGI_c,pmet_PGI_c_REV
2720,O49299,pmet_PGM_h,pmet_PGM_c_REV
2721,Q9SGC1,pmet_PGM_h,pmet_PGM_c_REV
2722,Q9SCY0,pmet_PGM_h,pmet_PGM_c_REV
2723,P57751,pmet_UGPase_c,pmet_UGPase_c_REV
2724,Q9M9P3,pmet_UGPase_c,pmet_UGPase_c_REV
2725,P49040,pmet_SucS_c,pmet_SucS_c_REV
2726,Q00917,pmet_SucS_c,pmet_SucS_c_REV
2727,Q9LXL5,pmet_SucS_c,pmet_SucS_c_REV
2728,P57106,pmet_MalDH1_c,pmet_MalDH1_c_REV
2729,Q9FJU0,pmet_MalDH1_c,pmet_MalDH1_c_REV
2730,P93819,pmet_MalDH1_c,pmet_MalDH1_c_REV
2731,Q9MAH0,pmet_PEPC2_c,pmet_PEPC2_c_REV
2732,Q5GM68,pmet_PEPC2_c,pmet_PEPC2_c_REV
2733,Q84VW9,pmet_PEPC2_c,pmet_PEPC2_c_REV
2734,Q8GVE8,pmet_PEPC2_c,pmet_PEPC2_c_REV
2735,Q9ZW34,pmet_Enol_c,pmet_Enol_c_REV
2736,P25696,pmet_Enol_c,pmet_Enol_c_REV
2737,Q9SCS3,pmet_PGAM_c,pmet_PGAM_c_REV
2738,O04499,pmet_PGAM_c,pmet_PGAM_c_REV
2739,Q9M9K1,pmet_PGAM_c,pmet_PGAM_c_REV
2740,Q9LD57,pmet_PGAK_c,pmet_PGAK_c_REV
2741,Q9SAJ4,pmet_PGAK_c,pmet_PGAK_c_REV
2742,P25858,pmet_GAPDH2_c,pmet_GAPDH2_c_REV
2743,Q9FX54,pmet_GAPDH2_c,pmet_GAPDH2_c_REV
2744,Q9SAJ6,pmet_GAPDH2_h,pmet_GAPDH2_h_REV
2745,Q5E924,pmet_GAPDH2_h,pmet_GAPDH2_h_REV
2746,Q9LM13,pmet_PGAM_h,pmet_PGAM_h_REV
2747,F4I8M8,pmet_PGAM_h,pmet_PGAM_h_REV
2748,Q9C9C4,pmet_Enol_h,pmet_Enol_h_REV
2749,P25696,pmet_Enol_h,pmet_Enol_h_REV
2750,Q42560,pmet_cACNDHA_m,pmet_cACNDHA_m_REV
2751,Q9SIB9,pmet_cACNDHA_m,pmet_cACNDHA_m_REV
2752,Q94A28,pmet_cACNDHA_m,pmet_cACNDHA_m_REV
2753,Q42560,pmet_cACNDHA_m,pmet_cACNHA_m_REV
2754,Q9SIB9,pmet_cACNDHA_m,pmet_cACNHA_m_REV
2755,Q94A28,pmet_cACNDHA_m,pmet_cACNHA_m_REV
2756,P93033,pmet_FumHA_m,pmet_FumHA_m_REV
2757,Q9FI53,pmet_FumHA_m,pmet_FumHA_m_REV
2758,Q9ZP06,pmet_MalDH1_m,pmet_MalDH1_m_REV
2759,Q9LKA3,pmet_MalDH1_m,pmet_MalDH1_m_REV
3120,Q9SZJ5,pmet_GlyHMT_m,pmet_GlyHMT_m_REV
3121,Q94C74,pmet_GlyHMT_m,pmet_GlyHMT_m_REV
3122,O82399,pmet_MalDH1_p,pmet_MalDH1_p_REV
3123,Q9ZP05,pmet_MalDH1_p,pmet_MalDH1_p_REV
3124,Q9FWA3,pmet_6PGDHNAD_h,pmet_6PGDHNAD_h_REV
3125,Q9SH69,pmet_6PGDHNAD_h,pmet_6PGDHNAD_h_REV
3126,Q9FFR3,pmet_6PGDHNAD_h,pmet_6PGDHNAD_h_REV
3127,Q9FWA3,pmet_6PGDHNAD_h,pmet_6PGDHNADP_h_REV
3128,Q9SH69,pmet_6PGDHNAD_h,pmet_6PGDHNADP_h_REV
3129,Q9FFR3,pmet_6PGDHNAD_h,pmet_6PGDHNADP_h_REV
3130,A0A178UD24,pmet_TA_h,pmet_TA_h_REV
3131,Q9LYR4,pmet_TA_h,pmet_TA_h_REV
3132,F4IC59,pmet_TA_h,pmet_TA_h_REV
3133,Q9SN86,pmet_MalDH1_h,pmet_MalDH1_h_REV
3134,Q9ZP05,pmet_MalDH1_h,pmet_MalDH1_h_REV
3135,Q9SYP2,pmet_PPIF6PK_c,pmet_PPIF6PK_c_REV
3136,Q9C9K3,pmet_PPIF6PK_c,pmet_PPIF6PK_c_REV
3137,Q8W4M5,pmet_PPIF6PK_c,pmet_PPIF6PK_c_REV
3138,F4JGR5,pmet_PPIF6PK_c,pmet_PPIF6PK_c_REV
3139,P11832,pmet_NO3R1_c,pmet_NO3R2_c_REV
3140,P11035,pmet_NO3R1_c,pmet_NO3R2_c_REV
3141,Q9LDV4,pmet_AlaTA_m,pmet_AlaTA_m_REV
3142,Q9SR86,pmet_AlaTA_m,pmet_AlaTA_m_REV
3143,F4I7I0,pmet_AlaTA_m,pmet_AlaTA_m_REV
3144,Q9LR30,pmet_GGAT_p,pmet_AlaTA_p_REV
3145,Q9S7E9,pmet_GGAT_p,pmet_AlaTA_p_REV
3146,Q8GYY0,pmet_AspAT_c,pmet_AspAT_c_REV
3147,Q9LQ10,pmet_AspAT_c,pmet_AspAT_c_REV
3148,P46646,pmet_AspAT_c,pmet_AspAT_c_REV
3149,P46645,pmet_AspAT_c,pmet_AspAT_c_REV
3150,Q9SIE1,pmet_AspAT_h,pmet_AspAT_h_REV
3151,P46248,pmet_AspAT_h,pmet_AspAT_h_REV
3152,P46644,pmet_AspAT_m,pmet_AspAT_m_REV
3153,P46643,pmet_AspAT_m,pmet_AspAT_m_REV
3154,Q43314,pmet_GluDH1NAD_m,pmet_GluDH1NADP_m_REV
3155,Q38946,pmet_GluDH1NAD_m,pmet_GluDH1NADP_m_REV
3156,Q9S7A0,pmet_GluDH1NAD_m,pmet_GluDH1NADP_m_REV
3157,Q9M401,pmet_BAATA1_h,pmet_BAATA1_h_REV
3158,Q9M439,pmet_BAATA1_h,pmet_BAATA1_h_REV
3159,Q9FYA6,pmet_BAATA1_h,pmet_BAATA1_h_REV
3160,Q9M401,pmet_BAATA1_h,pmet_BAATA2_h_REV
3161,Q9M439,pmet_BAATA1_h,pmet_BAATA2_h_REV
3162,Q9FYA6,pmet_BAATA1_h,pmet_BAATA2_h_REV
3163,O23254,pmet_GlyHMT_c,pmet_GlyHMT_c_REV
3164,Q9SVM4,pmet_GlyHMT_c,pmet_GlyHMT_c_REV
3165,Q9LK36,pmet_Cysase_c,pmet_Cysase_c_REV
3166,O23255,pmet_Cysase_c,pmet_Cysase_c_REV
3167,Q9LT69,pmet_PGADH_h,pmet_PGADH_h_REV
3168,O49485,pmet_PGADH_h,pmet_PGADH_h_REV
3169,O04130,pmet_PGADH_h,pmet_PGADH_h_REV
3170,Q9M401,pmet_BAATA1_h,pmet_BAATA3_h_REV
3171,Q9M439,pmet_BAATA1_h,pmet_BAATA3_h_REV
3172,Q9FYA6,pmet_BAATA1_h,pmet_BAATA3_h_REV
3173,Q8GYY0,pmet_AspAT2_c,pmet_AspAT2_c_REV
3174,Q9LQ10,pmet_AspAT2_c,pmet_AspAT2_c_REV
3175,P46646,pmet_AspAT2_c,pmet_AspAT2_c_REV
3176,P46645,pmet_AspAT2_c,pmet_AspAT2_c_REV
3177,P46644,pmet_AspAT2_c,pmet_AspAT2_c_REV
3178,Q9SIE1,pmet_AspAT2_c,pmet_AspAT2_c_REV
3179,Q9SIE1,pmet_AspAT2_h,pmet_AspAT2_h_REV
3180,P46248,pmet_AspAT2_h,pmet_AspAT2_h_REV
3181,P46644,pmet_AspAT2_h,pmet_AspAT2_h_REV
3182,P46643,pmet_AspAT2_m,pmet_AspAT2_m_REV
3183,P46248,pmet_AspAT2_m,pmet_AspAT2_m_REV
